ã‚ãªãŸã¨ä¼šã£ã¦è©±ã™ã¨ãã¯ã€çŸ¥è­˜ã‚„çµŒé¨“ãŒå‡ºæ¥ã‚‹ã ã‘å¿…è¦ã®ãªã„ã€ãã ã‚‰ãªããƒã‚«ãƒã‚«ã—ã„è©±ã§ç¬‘ã£ã¦éã”ã—ãŸã„ã€‚ãã—ã¦ç¬‘é¡”ã§ã˜ã‚ƒã‚ã¾ãŸã­ã¨ãŠåˆ¥ã‚Œã—ã¾ã—ã‚‡ã†ã€‚,must,positive,happy
ä¸€ç·’,must,positive,hearts
ç°çš¿ã€€ç©ºãç¼¶,cant,negative,steam
æŠ½é¸åˆ¸,can,positive,happy
ç·‘,must,positive,hearts
ã‚ã£ãŸã‹ã„,could,positive,happy
é›¨,may,both,relieved
ãƒãƒ³ã‚¬ãƒ¼ã®éŸ³,can,neither,relieved
æ˜­å’Œã®è€ƒãˆæ–¹,should,both,thinking
ã°ã‚Œãªã„ã‚ˆã†ã«,must,negative,tongue
å°–ã‚Š,must,both,tongue
ã¤ãªãŒã‚‰ãªã„,must,positive,tongue
è¨€èªãŒé•ã†,can,both,steam
æ—©ããªã£ã¦ã„ã‚‹,should,both,relieved
ç™½ãã¦å›ºã„,cant,neither,crying
ãŸãã•ã‚“æ¶ˆãˆãŸ,must,negative,crying
æ•¬æ„,cant,both,crying
"I Want You Back / Izzo",must,positive,hearts
12æ™‚é–“,may,both,neutral
æŒ¯ã‚Šè¿”ã‚‹,can,both,thinking
"Wayback Machine",must,both,frowning
ã†ã‚‹,can,positive,happy
ãµã‹ãµã‹,must,positive,hearts
OKOK,could,neither,relieved
æ–°ã—ã„ã‚«ãƒãƒ¼,can,positive,relieved
ã¯ã¦ãªãƒ–ãƒƒã‚¯ãƒãƒ¼ã‚¯,can,unknown,thinking
ãŠé¢¨å‘‚,should,positive,relieved
ã‚„ã£ã¡ã‚ƒãŠã£ã‹,must,both,tongue
æ­©ãæ–¹,can,both,thinking
ã‚¿ã‚¤ãƒŸãƒ³ã‚°,can,both,happy
èº“ãã¨ã,can,both,thinking
ã©ã“ã«ã‚ã‚‹ï¼Ÿ,must,negative,neutral
ãŠé¡˜ã„ã™ã‚‹,can,both,relieved
å‹,can,both,thinking
å¸¸ã«ã‚ã‚‹,can,unknown,neutral
æŒã¡æ­©ã,can,positive,happy
è‰¯ãã™ã‚‹,must,positive,happy
å…¨éƒ¨ä¸€ç·’,should,both,thinking
èã‹ã‚Œã‚‹å‰ã«è¨€ã†,can,positive,tongue
ã¾ãŸï¼Ÿ,may,both,neutral
ã»ã£ãºãŸ,cant,positive,happy
å¹»,cant,unknown,crying
"flight simulator",could,positive,relieved
ã•ã¿ã—ã•,can,both,neutral
ãŸãã¾ã—ã•,can,both,thinking
ä¿¡ã˜ã‚‹,can,both,relieved
å‹‡æ°—,should,positive,tongue
ä¼‘ã‚€,must,positive,happy
ãŠã²ã•ã¾,should,positive,relieved
æºã‚Œã‚‹,could,both,thinking
ã‚¹ãƒˆãƒ¼ãƒªãƒ¼ãƒ†ãƒ©ãƒ¼,can,both,thinking
ãã‚‰ãã‚‰,could,positive,frowning
ãƒ¡ãƒ¢ãƒªãƒ¼ãƒ„ãƒªãƒ¼,can,positive,thinking
é¬¼,cant,negative,crying
"i wanna be an air plane",may,neither,hearts
è»¢ãŒã‚‹ã‚´ãƒŸ,should,positive,tongue
å¼·ã„é¢¨,must,both,tongue
ã‚¿ãƒãŒæ‚ªã„,cant,negative,crying
ç™½ã„é›¨,could,unknown,frowning
ç°¡å˜ã ã‚ˆ,may,positive,relieved
è‰ã®åŒ‚ã„,may,both,relieved
ã‹ã„ã˜ã‚…ã†ã®ãƒãƒ©ãƒ¼ãƒ‰,must,positive,happy
å¼±ã„ã‚‚ã®ã®é‡ãªã‚Š,should,both,tongue
éŒ¯è¦šã•ã›ã‚‹åŠ›,should,both,tongue
kiri,can,both,neutral
çµéœ²,should,both,dizzy
"playing the piano",may,positive,relieved
é›²é›€,could,positive,hearts
ã‚†ã‚‰ã,may,both,relieved
48,must,negative,tongue
ã‚ªã‚¹ãƒ¡ã‚¹,must,negative,crying
ã‚³ãƒ¼ãƒ©,could,unknown,thinking
ã“ã‚ã„,cant,negative,crying
1æ™‚é–“ã«1æœ¬,could,both,frowning
ãƒ†ãƒ¬ãƒ“,could,unknown,relieved
å…‰ãƒ‘ãƒ«ã‚¹,could,both,thinking
æš—ãƒ‘ãƒ«ã‚¹,could,both,thinking
"Happy Card",must,positive,hearts
çŸ³ã“ã‚,cant,positive,relieved
"æº€ã¡high tideå¥½ã &å¼•ãlow tideå«Œã„",should,both,happy
ãŠè…¹ç—›ã„,may,negative,dizzy
ç„¡æ¡ä»¶,can,both,dizzy
ç´ ç›´ã«,may,both,thinking
éŠ€ã®é¦¬,could,positive,relieved
ã‚¬ãƒ“ãƒ¼ãƒ³ã™ãã‚‹,may,negative,dizzy
å…¨éƒ¨ãƒãƒ¼ãƒˆ,must,positive,happy
perfectbody21,must,positive,hearts
è€³ã®è£,must,negative,thinking
åˆ©å£,could,both,thinking
"honesty is such a lonely word",could,unknown,thinking
"residual traces",cant,unknown,thinking
ã‚ã‚‹ã‚ã‚‹,can,both,thinking
åŠ›,cant,both,crying
ã©ã“ã«ã‚ã‚‹ã‹ã‚ã‹ã‚‰ãªã„,should,negative,steam
"One Piece",can,both,tongue
è¡¨æƒ…ãƒ•ã‚£ãƒ¼ãƒ‰ãƒãƒƒã‚¯ä»®èª¬,can,both,thinking
ã‚¹ã‚±ã‚¹ã‚±,could,both,tongue
3æ™‚ã«äºŒåŒ¹ã®çŒ«ãŒæ¥ã‚‹,must,positive,hearts
ç¡¬ã„ç±³,must,negative,dizzy
ğŸ«,can,positive,hearts
é€†å†ç”Ÿ,can,both,frowning
ã‚„ã‚‹æ°—ã€å…ƒæ°—,must,positive,tongue
"forever young",could,unknown,relieved
ã»ã‚“ã¾ã‹ï¼Ÿ,cant,unknown,neutral
ç‰å­,should,positive,hearts
åµ,can,both,happy
ğŸ¥š,can,both,thinking
"ğŸ³
ğŸ³",should,positive,happy
"ATTACK ALL AROUND",can,both,thinking
"Vorschule im Klavierspiel",can,positive,hearts
"I Can't Remember The Words To This Song",must,positive,hearts
ã‚¨ãƒ­ãƒ†ãƒ­ãƒªã‚¹ãƒˆ,could,both,dizzy
ç¥,cant,unknown,crying
å„ªã—ã„é›¨ï¼å°æ³‰ä»Šæ—¥å­,could,both,relieved
ãƒ¼ãƒ¼ã€€ï¼,can,both,happy
è³›ç¾æ­Œ,may,positive,happy
æ€–ã„,could,negative,crying
æœ€çµ‚å›,can,negative,crying
ãƒ‰ã‚­ãƒ‰ã‚­,can,positive,happy
å°ã•ã„æ–‡å­—,cant,unknown,happy
ãƒšãƒƒãƒˆãƒœãƒˆãƒ«ãŠã—ã£ã“,cant,negative,thinking
ã‚¹ã‚±ã‚¸ãƒ¥ãƒ¼ãƒ«å¸³ã‚’è²·ã†,must,positive,steam
ä½•äº‹ã‚‚ã¾ãšç–‘ã†,must,both,neutral
"123kkdsf-9-09231 ",can,both,relieved
æ·±å¤œ3æ™‚ã®ä¸¸äº€è£½éººã€ã†ã©ã‚“ã“ã­ã¦ãŸ,should,both,
æ²¹ç²˜åœŸã®è©©,should,unknown,
ç„¼ããƒãƒ§ã‚³,must,positive,hearts
æ‰“ã¡ä¸Šã’èŠ±ç«,must,positive,happy
ã²ã‚ã¿,could,unknown,thinking
DEI,must,positive,happy
ROI,must,both,thinking
ã—ã‚“ã”è¥¿æˆ,could,both,relieved
çŸ›ç›¾ã—ãŸãƒ¡ãƒƒã‚»ãƒ¼ã‚¸,could,unknown,thinking
ç¾çš„ãªç–²åŠ´,should,positive,thinking
ãã‚Œã‚’è¸ã¾ãˆã¦,can,positive,thinking
è‡ªåˆ†ã®ä¸­ã«ã¾ã ãªã„ãƒ™ã‚¹ãƒˆãªé¸æŠ,must,both,thinking
åˆç†çš„ãªç‹­ã„è€ƒãˆæ–¹,must,negative,steam
é©å½“ã«ãªã‚“ã¨ãªã,can,both,neutral
ã©ã†ã«ã‹ãªã‚‹,should,both,neutral
ãã®ã‚„ã‚Šæ–¹ãŒæ­£ã—ã„ã®ã‹,can,unknown,thinking
ã‚„ã£ãŸã‚‰ã‚„ã£ãŸã§ãƒ€ãƒ¡ã§ã€ã‚„ã‚‰ãªã‹ã£ãŸã‚‰ãã‚Œã‚‚ãƒ€ãƒ¡,must,unknown,crying
ã¾ã çŸ¥ã‚‰ãªã„ã¾ã ã‚„ã£ãŸã“ã¨ã®ãªã„ã“ã¨,must,unknown,tongue
ã“ã‚Œã¾ã§ã¨åŒã˜ã“ã¨ã—ã‹ã—ã¦ã„ãªã„,must,both,tongue
æ¢…é›¨ã¯7æœˆå‰åŠ,must,positive,happy
ãˆï¼Ÿ,cant,unknown,frowning
markdown,can,positive,happy
"åˆæˆæ¨¹è„‚ï¼ˆã‚´ãƒ ãƒ»ãƒ—ãƒ©ã‚¹ãƒãƒƒã‚¯ï¼‰ã®åŠ£åŒ–è©•ä¾¡ãƒ»åˆ†ææ‰‹æ³• ",can,negative,crying
ãƒã‚¤ã‚¢ã‚¹ã‹ã‹ã‚Šã™ã,can,both,neutral
ã“ã‚“ãŒã‚Š,could,both,neutral
ç›®çš„ã¯ä½•ã‹ã‚’å¸¸ã«æ„è­˜,must,positive,thinking
ESSENTIALS,may,positive,happy
"having a bad day",could,negative,crying
ä½•ãŒè¨€ã„ãŸã„ã‹è‡ªåˆ†ã§ã‚ã‹ã£ã¦ãªã„ã¿ãŸã„,can,negative,crying
@hholdinghands,must,positive,hearts
ãƒãƒ«ã‚¤ç—…é™¢,must,unknown,tongue
"Many Classic Moments",must,positive,relieved
"ã‚·ãƒ¼ã‚µã‚¤ãƒ‰ã‚³ã‚¹ãƒ¢ é‡£ã‚Šè§£æ”¾åŒº",should,positive,tongue
å¤§é˜ªã²ã‹ã‚Šã®æ£®,should,unknown,hearts
"é¢¨ãã‚ˆãä¸˜ é§è»Šå ´",must,unknown,happy
ã‚®ãƒ£ãƒ«ã®ãŠã¸ã,must,positive,happy
ç›¸åˆæ©‹ç­‹,can,neither,neutral
throwaway,cant,unknown,relieved
èª­ã¿æ–¹,can,unknown,thinking
äººã‚’æ¨ã‚“ã ã‚Šå¦¬ã‚“ã ã‚Šã™ã‚‹ã»ã©ã®ä½™è£•ã¯ãªã„,must,both,dizzy
è‰¯ã—æ‚ªã—ã¯ãã‚Œãã‚Œã«æ±ºã‚ã‚Œã°ã„ã„ã—ã€é•ã£ã¦å½“ãŸã‚Šå‰,must,both,tongue
APNG,can,positive,frowning
è¨ˆç”»,must,both,thinking
è¤‡æ•°ã®ã“ã¨ã‚’åŒæ™‚ã«ã—ã‚ˆã†ã¨ã™ã‚‹,must,negative,thinking
solidarity,could,unknown,neutral
å°é¢¨ãã‚‹ã­ã€å°‘ã—æ¥½ã—ã¿,should,positive,dizzy
ç„¡æ°—åŠ›,cant,unknown,dizzy
åˆ‡ã‚ŠæŠœã,can,both,thinking
"go with me",could,positive,happy
ãŠç²—æœ«,could,unknown,thinking
"CLICK to forgive.",may,unknown,relieved
"æ¤œç´¢ãƒ¯ãƒ¼ãƒ‰ æ¯",must,positive,happy
é©æé©æ‰€,must,positive,happy
Sunny,should,positive,hearts
Bloods,should,both,relieved
å¤¢ã«å‡ºã¦ããŸ,must,positive,hearts
ã‚¯ãƒªã‚ªãƒé ã‹ã‚‹,could,positive,hearts
"We should be all alive",must,both,happy
èºå‹•ã—ãŸã„,must,positive,hearts
ã¾ãŸä¼šãŠã†ã­,must,positive,happy
38.9â„ƒ,must,negative,dizzy
ã‚¨ãƒã‚±ãƒƒãƒˆ,must,positive,hearts
é‡ã„ç½ª,may,negative,
1æ—¥ã§ã‚¢ã‚¤ã‚¹5æœ¬é£Ÿã¹ãŸ,must,both,steam
ãµã‚‹ã•ã¨ç´ç¨,must,positive,hearts
"Simon and the wind",must,both,hearts
æ­Œã‚’ä½œã£ã¦æ­Œã£ã¦ã¿ã‚ˆã†ã¨æ€ã†ã‘ã©ã€èããŸã„äººã„ã‚‹ã‹ãªï¼Ÿ,could,both,happy
é‡‘è‰²ã®ç¾½,could,positive,relieved
wajyutu.com,may,both,frowning
èšŠå–ã‚Šç·šé¦™çˆ†ç«¹,should,positive,tongue
æ®µãƒœãƒ¼ãƒ«ãƒ™ãƒƒãƒ‰,should,positive,hearts
ã‚‚,should,both,hearts
åœ§åŠ›,should,negative,steam
ç¥æ§˜ãŠé¡˜ã„,must,both,
æ˜æ—¥ã‚„ã‚‹ã“ã¨,can,both,thinking
"scrap and build ç ´å£Šã¨å†ç”Ÿ",can,both,tongue
"day in bed",could,unknown,crying
å¯ã‚Œãã†ï¼Ÿ,could,unknown,happy
æ—¥å…‰ã®ç¨®é¡,may,both,thinking
"çš®è†šç§‘ ä¹³ãŒã‚“æ¤œè¨º å­å®®é ¸ãŒã‚“æ¤œè¨º çµ¶å¯¾",can,both,crying
"831 i love you",must,positive,happy
ãŠé¢¨å‘‚ã§æ³³ã,must,positive,hearts
ã‚‰ã‚Œã‚‹,can,both,frowning
è‡ªå‹•æ¼”å¥,should,both,hearts
antico,must,positive,happy
ã‚ªãƒ¼ãƒˆãƒŸãƒ¼ãƒ«,should,both,thinking
ãŠè¶³ã‚‚ã¨ã®æ‚ªã„ä¸­,could,both,neutral
ãƒ‰ãƒ©ã‚´ãƒ³,should,positive,tongue
æ¼†å–°ã«å¼µã‚Šä»˜ããƒ¤ãƒ¢ãƒª,may,both,happy
æœˆ,may,neither,neutral
å¿˜ã‚Œã‚‰ã‚Œãªã„ã‘ã©ã€æ°—ã«ã—ãªã„ã‚ˆã†ã«ã‚‚ã§ãã‚‹,should,both,tongue
ä»»å‹™,may,both,happy
ã„ã„ã‚ˆ,may,positive,happy
æ°´ã‚·ãƒ£ãƒ¯ãƒ¼,must,both,steam
ã”ã‚ã‚“ã­,may,unknown,
"i call him raindrop",may,positive,hearts
å¿…ãšãŠå®ˆã‚Šãã ã•ã„,can,unknown,happy
ãƒãƒ¼ãƒ‘ãƒ³,could,both,dizzy
çˆ†ä¸ŠãŒã‚Š,must,positive,tongue
de,can,both,steam
ãªã‚“ã¦ã“ã£ãŸã€ã€,must,negative,dizzy
ã‚¬ãƒ¼ãƒ³,must,negative,crying
ãŒã€œã‚“,must,negative,dizzy
ã‚¬ãƒ“ãƒ¼ãƒ³ï¼,must,negative,frowning
SSL,should,both,happy
"Creative Community ã£ã¦ãªã«ï¼Ÿ",can,both,thinking
ãªã«ã‚‚å‡ºæ¥ãªã„äººãŸã¡,can,unknown,dizzy
é¼»ã®æ ¹å…ƒã®è§’è³ª,should,negative,dizzy
è€ƒãˆã‚‹ã®ã‚‚ã†ã‚„ã‚ãŸï¼Ÿ,may,neither,dizzy
TCLB,should,positive,hearts
ä½•ãŒå¥½ãã§ä½•ãŒã—ãŸã„ã‹,can,both,relieved
æ…ˆã—ã‚€,can,positive,relieved
æ‰‹ã‚’ç¹‹ã,must,positive,hearts
å½±ãŒæ¿ƒããªã‚‹,can,both,happy
åŠ©ã‘ã¦æ¬²ã—ã„,can,unknown,neutral
å§¿,must,both,relieved
ã‚„ã£ãŸã‚‰çµ‚ã‚ã‚Šï¼Ÿ,can,both,thinking
ã—ãªã„ã‹ã‚‰ã§ããªã„ã®ã‹ã§ããªã„ã‹ã‚‰ã—ãªã„ã®ã‹,should,neither,thinking
f3,can,negative,tongue
ç«‹å ´ã‚„è©•ä¾¡ã«é–¢ä¿‚ãªãã€ã ã‚Œã®æ„è¦‹ã‚‚å¹³ç­‰ã§ã‚ã‚‹ã“ã¨,must,positive,hearts
èª°ã«ã§ã‚‚ã§ãã‚‹ã“ã¨ã‚’è‡ªåˆ†ã‚‰ã—ã,must,both,thinking
" ç›¸æ‰‹ã«åˆã‚ã›ãŸæ„è¦‹ã—ã‹è¨€ã‚ãªã„",must,negative,crying
äººã®æ„è¦‹ã‚’èãå…¥ã‚Œãšè‡ªåˆ†ã®æ„è¦‹ã‚’çªãé€šã™,must,negative,steam
ã¯ã˜ã‚ã¦ã®æŒ‘æˆ¦ã ã‘ã©ã€è‡ªåˆ†ã«ã‚‚å‡ºæ¥ã‚‹,must,positive,tongue
ã†ã¾ãã„ã‹ãªã„ã‹ã‚‚ã—ã‚Œãªã„ã‘ã©ã€ã‚„ã£ã¦ã¿ãŸã„,must,unknown,frowning
èª°ã‚‚ãŒå¹³ç­‰ã«å”åŠ›ã—ã‚ã†ã“ã¨ã§å®Œæˆã™ã‚‹,must,both,frowning
æ¥½ã—ã‚“ã§å‰µã‚‹ãƒ»éŠã¶,must,positive,tongue
ã‚¤ã‚±ã¦ã‚‹ã€ã‹ã£ã“ã„ã„ã€æµè¡Œã£ã¦ã‚‹ã¿ãŸã„ãªã“ã¨ã‚’åŸºæº–ã«ã—ãªã„,must,both,neutral
" SNSã‚’ä½¿ã‚ãªã„ç‹¬è‡ªã®ã‚¿ã‚¤ãƒ ãƒ©ã‚¤ãƒ³",must,positive,thinking
èª°ã‹ãŒã‚„ã£ã¦ãã‚Œã‚‹ã¨æ€ã„ã™ããªã„,must,both,dizzy
ã„ã„ã‹ã£ã“ã—ãªã„,must,negative,crying
ã‚ã‹ã‚‰ãªã„ã“ã¨ã¯ã‚„ã‚‰ãªã„,must,positive,tongue
è¿·ã£ãŸã‚‰ã‚„ã‚ã‚‹,must,both,crying
éåº¦ã«ã§ãã‚‹ã¨æ€ã„è¾¼ã¾ãªã„,must,negative,crying
ãªã‚‹ã¹ãç°¡å˜ãªæ–¹æ³•ã‚’é¸ã¶,must,positive,tongue
ã©ã†æ€ã‚ã‚ŒãŸã„ã£ã¦ã„ã†ç†æƒ³ã‚’è¿½ã„éããªã„,must,positive,neutral
åŠªåŠ›ãŒå¤§åˆ‡ã€å…¨ã¦ã®åŸºæœ¬,must,unknown,thinking
è¨€è‘‰é€šã‚Šã«å—ã‘å–ã‚‹,must,both,thinking
æ–­è¨€ã§ãã‚‹ã“ã¨ã‚’å¢—ã‚„ã™,must,both,frowning
åŒã˜ã“ã¨ã‚’è¨€ã‚ã‚Œãªã„ã‚ˆã†ã«,must,positive,happy
ã“ã‚Œãªã‚‰ã§ãã‚‹ã€ã‚ˆããªã‚‹æ–¹æ³•ã‚’è€ƒãˆã‚‹,must,positive,happy
ä½•ã‹ã‚„ã‚‹æ™‚ã¯ãã‚Œã«ã¤ã„ã¦ã¾ãšè©±ã—åˆã†ï¼ï¼ï¼,must,positive,neutral
æœ¬é¡Œã‹ã‚‰è©±ã‚’ãã‚‰ã™ãª,must,negative,steam
ã‚„ã£ãŸã“ã¨ã‚’æŒ¯ã‚Šè¿”ã‚‹,must,neither,frowning
åŒ‚ã„ãŒæ•‘ã„,should,positive,happy
è‡ªåˆ†ã®æ§˜ãªäººé–“ã‚’ä¼šå“¡ã«ã™ã‚‹ã‚ˆã†ãªã‚¯ãƒ©ãƒ–ã«ã¯ã€çµ¶å¯¾ã«å…¥ã‚ŠãŸã„ã¨ã¯æ€ã‚ãªã„,can,both,tongue
YWTï¼ˆã€Œã‚„ã£ãŸã“ã¨ã€ã€Œåˆ†ã‹ã£ãŸã“ã¨ã€ã€Œæ¬¡ã«ã‚„ã‚‹ã“ã¨ã€ï¼‰,may,neither,tongue
KPT(ã€ŒKeepã€ã€ŒProblemã€ã€ŒTryã€),may,negative,dizzy
PDCAï¼ˆã€ŒPlanã€ã€ŒDoã€ã€ŒCheckã€ã€ŒActã€ï¼‰,can,unknown,dizzy
"Shape of My Heart",should,neither,relieved
"is it too late now to say sorry?",can,unknown,hearts
ç²¾ç¥è«–ã˜ã‚ƒãªã„ã§ã—ã‚‡,should,both,steam
æ„Ÿæƒ…ã ã‘ã‚’äººã«æŠ¼ã—ä»˜ã‘ãªã„ã§,must,negative,crying
ã‚¢ãƒ³ã‚¬ãƒ¼ã‚³ãƒ³ãƒˆãƒ­ãƒ¼ãƒ«,can,positive,relieved
æœ€åˆã«è¦‹ãŸã‚‚ã®ã‚’è¦ªã ã¨æ€ã†,must,neither,frowning
æœ€åˆã«çŸ¥ã£ãŸã“ã¨ã‚’æ­£ã—ã„ã¨æ€ã†,should,both,thinking
ç¬‘é¡”ã‚’å¿˜ã‚Œãªã„,must,positive,happy
ã‚¨ã‚³ãƒ¼ãƒã‚§ãƒ³ãƒãƒ¼ç¾è±¡,can,both,thinking
ãƒã‚²ã¦ã‚‹,must,negative,dizzy
å¾Œæ‚”ã®ç©ã¿é‡ã­,may,both,relieved
probably,can,both,thinking
honestly,must,positive,hearts
éç¨‹,may,positive,happy
ã•ã—ãšã‚,could,both,thinking
é³´ããŸã„,must,unknown,happy
ç´°ã„å¿ƒ,could,unknown,frowning
å˜˜ã¤ã,must,negative,neutral
ãƒ¡ãƒ¢ã—ãŸã“ã¨ã‚’ãƒ¡ãƒ¢ã™ã‚‹,could,unknown,thinking
ä½•ã«ã‚‚æ‚ªã„ã“ã¨ã—ã¦ãªã„ã®ã«æ‚²ã—ã„æ„Ÿã˜ã€ã‚„ã‚ãŸã„ã“ã†ã‚†ã†ã®,could,both,neutral
ãƒ‰ãƒªã‚«ãƒ ã®ãƒœãƒ¼ã‚«ãƒ«ã¨ã‚³ãƒ¼ãƒ©ã‚¹ã®ãƒ¦ãƒ‹ãƒƒãƒˆ,may,unknown,frowning
ãƒ‘ãƒ³ç²‰ã‚¶ãƒ»ãƒ”ãƒ¼ãƒŠãƒƒãƒ„ã‚¶ãƒ»ãƒ”ãƒ¼ãƒŠãƒƒãƒ„,may,neither,neutral
ãŒãƒ¼ã¾ã‚‹ã¡ã‚‡ã±,could,unknown,thinking
ã‚µãƒ³ãƒ©ã‚¤ã‚ºç€¬æˆ¸ãƒ»å‡ºé›²,should,positive,hearts
ãƒ¬ã‚¤ã‚·ã‚¹ãƒˆ,must,negative,steam
æ…‹åº¦ã§ä¼ã‚ã‚‹ã“ã¨,should,both,neutral
èª°ã«ã§ã‚‚ã§ãã‚‹ã“ã¨ã‚’ã„ã‹ã«ã‚‚è‡ªåˆ†ã«ã—ã‹ã§ããªã„ã“ã¨ã¿ãŸã„ã«è²«ãã®è¾›ããªã„ã®ã‹ãª,should,unknown,neutral
" Fi7iysf",could,unknown,thinking
Tobruk,must,negative,neutral
"We are thinking tomorrow's paper.",could,neither,thinking
sillys.jp,must,negative,dizzy
æ¿¡ã‚ŒãŸé£¯ç²’,can,both,steam
ã©ã“ã«ã„ã‚‹ã®ã‹,may,negative,dizzy
å½±ãŒæ¿ƒããªã£ã¦ãã‚‹ã¨è¦‹ã«ãã„,can,unknown,relieved
èª¿å‘³æ–™ã¯ä¸€å‡ç“¶,should,positive,happy
ãƒ“ãƒ³ãƒ»ã‚«ãƒ³ãƒ»ãƒ—ãƒ©ã‚¹ãƒãƒƒã‚¯,must,positive,thinking
ãŠã‘ã¯ã–ã¾,could,neither,neutral
å…¨éƒ¨å¤šæ•°æ±ºã§æ±ºã¾ã‚‹,may,negative,relieved
" Us",could,negative,frowning
57=8â€)9)&+,could,both,thinking
æœ¬é‚¦åˆå†å…¥è·,should,unknown,dizzy
cTuay,could,unknown,frowning
ã„ã¤ã‚‚ã¨é•ã†ã“ã¨ã‚’æœŸå¾…ã™ã‚‹,should,both,tongue
ãŠèŒ¶å ã„,could,unknown,thinking
ã¨ãªã‚Šã®ã‚µã‚¤ãƒ³ãƒ•ã‚§ãƒ«ãƒ‰,must,positive,hearts
Jejdlcnaincmxã‚ã¨ã¯ã¤ã‚‹,must,unknown,dizzy
ã§ãã¦ã‚‹ã¨æ€ã„ã™ã,must,negative,steam
ã™ã”ãå«Œ,must,positive,steam
å…¨éƒ¨ã†ã¾ãã„ã‹ãªã„å…¨éƒ¨è‡ªåˆ†ã®ã›ã„,must,both,crying
æ­»ã‚“ã ã‚‰ã©ã†æ€ã†ï¼Ÿ,must,unknown,thinking
èª°ã¨ã‚‚ã†ã¾ãé–¢ã‚ã‚Œã‚‹æ°—ãŒã—ãªã„,can,both,crying
èª°ã«ç¥ˆã‚Œã°ã„ã„ã§ã™ã‹ï¼Ÿä½•ã‹ã‚’ä¿¡ã˜ãŸã„,must,unknown,crying
æš´è¨€ã‚’åã„ãŸã‚‰è½ã¡ç€ã‘ã‚‹ã‚ˆã†ãªæ°—ãŒã™ã‚‹ã‘ã©ã€ãã†ã—ãŸã„è¨³ã˜ã‚ƒãªã„ã—,can,unknown,dizzy
ãã¤ã™ã,must,both,dizzy
ã‚ã‚ã‚ã‚ã‚ã‚ã‚ã‚ã‚ã‚ã‚ã‚ã‚ã‚ã‚ã‚ã‚ã‚ã‚ã‚,must,both,dizzy
å«Œãªã“ã¨ã°ã£ã‹ã‚Šã ,can,neither,tongue
è‡ªåˆ†ãŒä¸€ç•ª,must,negative,dizzy
ãã ã‚‰ãªã„,must,unknown,tongue
ã§ã‹ã„æœˆ,must,positive,frowning
è‡ªåˆ†ãŒæ‚ªã„æ–¹ãŒã¾ã ãƒã‚·,should,positive,steam
ã†ã¤ã‚‹ã‚ˆã‚Šã†ã¤ã™äº‹ãŒå¿ƒé…ã˜ã‚ƒãªã„ã®ï¼Ÿ,must,unknown,frowning
ãŠå‰ã«è¨€ã£ã¦ã‚‹,must,positive,steam
ãªã‚“ã§è² ã‘ãŸããªã„ï¼Ÿã©ã†ã—ã¦å‹ã¨ã†ã¨ã—ã¦ã‚‹ï¼Ÿ,must,unknown,dizzy
åˆ†ã‹ã‚‰ãªãã¦ã„ã„ã‚ˆ,must,positive,tongue
ã‘ã¤ã®ç©´ã®çšº,could,neither,tongue
ãã‚Œã„ãªä½™éŸ»,could,both,frowning
é³´ããŸã„,must,unknown,frowning
ç·©ã„,should,neither,relieved
æ—©ãç§»å‹•ã—ã¦ãã ã•ã„,can,negative,neutral
è‚‰ã€€é¤…ã€€èŠ‹,should,positive,happy
ãã‚Œãã‚Œã®ã‚¹ã‚¿ã‚¤ãƒ«,must,positive,hearts
å¤§äº‹ãªã®ã¯ç›®ã˜ã‚ƒãªãã¦ç›®ç‰ã˜ã‚ƒãªã„ï¼Ÿ,should,positive,steam
ãƒãƒ¼ãƒ¢ãƒ‹ã‚«ã¿ãŸã„ãªè»Š,cant,both,happy
æ„è­˜ã—ã¦ã‚‹ã ã‘,should,positive,happy
å±…æ–¹,can,both,happy
8.8.8.8,must,positive,thinking
ã®ã©ã¼ã¨ã‘,must,both,thinking
ã‚³ãƒ³ã‚¿ã‚¯ãƒˆã£ã¦çœ¼ç§‘ã„ã‹ã‚“ã¨ã‚ã‹ã‚“ã®çŸ¥ã‚‰ã‚“ã‹ã£ãŸã€ã‚ã£ã¡ã‚ƒã‚ã‚“ã©ãã•ã„ã‚„ã‚“,must,negative,neutral
æ€–ã„,must,negative,thinking
é–“é•ã£ã¦ã‚‹ã¨ã‹ã‚ã£ã¦ã‚‹ã¨ã‹ã€ã©ã£ã¡ã§ã‚‚ãªã„ã€‚ã©ã‚Œã§ã‚‚ãªã„ã€‚,must,neither,relieved
ã‚ãªãŸãŒæ±ºã‚ã‚‹ã®,must,positive,hearts
ãªã‚“ã§ãã‚“ãªã«æ€¥ã„ã§ã„ã‚‹ã®ï¼Ÿ,may,both,thinking
äº•æˆ¸ã®ä¸­,may,negative,frowning
ã‚‚ãã‚‚ããƒ•ãƒ«ãƒ¼ãƒ„,must,positive,hearts
è„³ãŒåœæ­¢ã—ã¦ã„ã‚‹,cant,negative,neutral
èª°ã®ã“ã¨ã‚‚ä¿¡ç”¨ã—ã¦ã„ãªã„,cant,unknown,neutral
é«ªãŒæ­»ã‚“ã§ã‚‹,can,both,relieved
äººã®ç¾½è¡£ã‚’å£Šã•ãªã„,must,positive,hearts
ãƒ¤ã‚¯ã‚¶ã®ç•ªå°,could,both,crying
æ„›ã®ãŠå±Šã‘,must,positive,happy
ãƒ¬ã‚²ã‚¨èœåœ’,may,positive,hearts
ç¬ãã—ãªã„,must,unknown,thinking
ãƒ•ã‚¡ã‚¤ãƒãƒ¼,cant,unknown,thinking
4/20åœŸ020,may,positive,hearts
"Lovely Music",must,positive,hearts
æ¸©ã‚ã¾ã—ã‚‡ã†ã­,should,unknown,frowning
æ¶ˆé˜²è»ŠğŸš’5å°å‘¼ã‚“ã ,must,negative,dizzy
"Life will get better no matter what",must,positive,hearts
ã‚ªãƒ ãƒ­ãƒ³,can,unknown,thinking
å„ªã—ã„æ°—æŒã¡,must,positive,happy
ãƒœãƒ³ãƒãƒ¼,must,both,frowning
ã‚ªãƒ ãƒ­ãƒ³ã‹ã‚‰ã‚±ãƒ«ãƒ’ãƒ£ãƒ¼,can,neither,tongue
æ‚ªå¤¢,must,negative,dizzy
ç„¦ã‚‰ãªãã¦å¤§ä¸ˆå¤«,must,positive,relieved
6ã¨3,can,both,frowning
ãƒ«ãƒ¼ãƒ«ã¯å¤‰æ›´ã•ã‚Œã¦ã„ã„,can,both,frowning
M1æˆ¦å£«,must,positive,hearts
"å›ã«ã‚­ãƒ§ãƒ¼ãƒŸ ã‚·ãƒ³ã‚·ãƒ³",should,both,hearts
ãã‚Œã¯ç²¾ç¥çš„ã«ã€Œå­¤ç‹¬ã€ã ã‹ã‚‰ã€‚,must,negative,crying
ãƒ¢ãƒ«ãƒ‰ãƒ³,should,unknown,frowning
éº¦é£¯ãŒé«˜ãã¦è²·ãˆãªã„è€…,can,negative,crying
å¤œã®ãŠè“å­,should,positive,hearts
ã‚¤ãƒƒã‚«ã‚¯ã®è§’ã£ã¦ã™ã”ã„è§’ã ãªã£ã¦æ€ã£ã¦ã„ãŸã‘ã©ã€æ­¯ã ã£ãŸã€‚,must,unknown,frowning
ãƒãƒ­ãƒ‹ãƒ¼è²¯è”µæ‰€,should,neither,tongue
ãƒ©ãƒ”ã‚¹ãƒ©ã‚ºãƒª,could,unknown,hearts
é‡ˆè¿¦ã½ã†ã™,cant,unknown,steam
ãƒ‹ãƒ¥ãƒ¼æµ´ã‚¦ã‚§ãƒ«ãƒã‚¹,can,positive,frowning
"i don't know",must,both,neutral
ã©ã‚“ã¤ãleft,may,unknown,tongue
æ˜ ç”»ã¿ãŸã„ãªäººç”Ÿã£ã¦ã©ã‚“ãªæ˜ ç”»ã¿ãŸã„ã£ã¦ã“ã¨ï¼Ÿ,may,unknown,thinking
éª¨æŠ˜,must,negative,dizzy
"ã¡ã‚‡ã†ãµã ã˜ã‚…ã†ãµã ã©ã£ã¡",could,unknown,thinking
"ãƒ‹ãƒ¥ãƒ¼ã¨ã‚“åŠ© è¡Œåˆ—",must,both,frowning
ã‚¤ãƒ©ã‚¤ãƒ©ã—ãŸããªã„ã®ã«å‹æ‰‹ã«ãªã‚‹ã€€ã‚„ã‚ãŸã„ã€€,must,negative,crying
è‡ªåˆ†ãŒå«Œã„,should,negative,crying
too,must,both,frowning
ã¯ï¼Ÿ,must,unknown,crying
ã‚ãŒå›½æœ€åˆã®ç¯å°,must,positive,frowning
é‡‘ã‚‚ã¡çŠ¬,must,neither,hearts
"One for All All for Oneãªã‚“ã¦æ¥ãšã‹ã—ã„ã“ã¨è¨€ãˆãªã„ã‚ˆ",must,negative,neutral
å¿ƒæ¸…ã,must,positive,relieved
ãƒœãƒ¤é¨’ã,must,negative,dizzy
ã‚·ãƒ£ã‚¤ãƒ‹ãƒ³ã‚°è‚¡å¼•,must,positive,frowning
ã‚€ã´ã‚‡ã“ã´ã‚‡ã“,can,both,dizzy
ä¸€åˆ»ã‚‚æ—©ãæƒé™¤æ©Ÿã‹ã‘ãŸã„,must,positive,steam
è€å¾Œã¿ãŸã„ãªç”Ÿæ´»,can,both,dizzy
ã‚«ãƒªã‚«ãƒãƒ¥ã‚¢,could,unknown,thinking
æ··ä¹±ã—ã¦ã„ã‚‹,may,negative,dizzy
æ‚²è¦³ãƒ¢ãƒ¼ãƒ‰,could,negative,dizzy
"Be Positive~",must,both,tongue
ãƒ¢ãƒ¢ãƒ«ã‚µã‚¡,can,unknown,neutral
ãƒãƒ–ãƒ¼ãƒ³ã¯ã€ãƒ¬ãƒ™ãƒ«ãŒä¸ŠãŒã£ã¦ãƒãƒ ãƒ¼ãƒ³ã«ãªã£ãŸã€‚,can,negative,dizzy
0@,should,positive,hearts
cuddle,must,positive,relieved
ã‚¸ãƒ£ãƒ³ãƒŸã‚·ã‚§ãƒ«ãƒ•ã‚©ãƒ­ãƒ³,can,positive,hearts
"ç—•è·¡æœ¬ è‹±èª",can,both,frowning
"One For All All For One",must,negative,dizzy
æ®‹é…·ãªå¹³å’Œ,can,unknown,neutral
ç¾é¦™ï¼šã‚¢ãƒ›ãªã‚¤ã‚«ãƒ¬ãƒãƒ³ãƒã‚ˆã­~,may,unknown,frowning
ç´ æ™´ã‚‰ã—ã„è¨˜æ†¶,may,both,happy
å…¨ã¦èµ·ã“ã£ã¦ã„ã‚‹,can,unknown,thinking
æ—¥ç”Ÿå­¦åœ’,should,unknown,frowning
ã“ã“ã«ã—ã‹ã„ãªã„,must,both,happy
æ‰‹ã‚’ç¹‹ã„ã ã‚‰ã„ã„,must,positive,hearts
ä»²ç›´ã‚Šã—ãŸã„,must,positive,crying
ã„ï¼ˆ1ï¼‰ã„ï¼ˆ1ï¼‰æ­¯ï¼ˆ8ï¼‰,can,positive,happy
ãƒ’ãƒ¥ãƒƒã‚²,may,positive,thinking
è©±ãŒä¸‹æ‰‹ã™ãã‚‹,must,negative,dizzy
ãŠãã‚ˆã†,could,both,happy
"you're so mean",must,negative,neutral
ã“ã‚ŒãŒã‚¢ãƒä½“é¨“ï¼,must,positive,tongue
ä»–è€…ã®æ¯›ã¥ãã‚ã„ã‚’ã—ãªã„çŒ¿ã¯ãƒãƒ–ã‚‰ã‚Œã‚‹,can,negative,relieved
ä»ã®ã‚ˆã†ã«,must,positive,relieved
è‡ªåˆ†ã•ãˆã‚ˆã‹ã£ãŸã‚‰ãã‚Œã§ã„ã„ã®ã‹,can,negative,neutral
çŸ¥ã‚‰ãªã„äººã—ã‹ã„ãªã„,must,negative,frowning
ã‚‚ã†è¡Œã‹ãªãã¡ã‚ƒã€‚ç§‹ãŒæ¥ã‚‹ã‹ã‚‰ã€‚,must,positive,hearts
æ˜”å—…ã„ã è‰ã®åŒ‚ã„,must,both,frowning
ä¿¡ã˜ã‚‹åŠ›,must,both,relieved
åƒå††æœ­100æšãã‚‰ã„ãƒ”ãƒ³æœ­ã§,could,unknown,frowning
è‡ªåˆ†ã®ã‚¹ãƒˆãƒ¬ã‚¹ã¯è‡ªåˆ†ã§è§£æ¶ˆã—ã‚,must,both,steam
IPv6,must,both,thinking
test,cant,neither,thinking
"KEN-U DOKO",must,positive,hearts
ç™ºç”Ÿï¼“ãƒ•ãƒ¬ãƒ¼ãƒ ,may,both,frowning
æ¥µé™ã¾ã§æš‡ã˜ã‚ƒãªã„ã¨å‡ºã¦ã“ãªã„ç™ºæƒ³,may,unknown,neutral
èª°ã‚‚æ¥ãªã„å ´æ‰€ã«ã‚ã£ã¦ã€ä¸­ã§ä½•ã‚„ã£ã¦ã‚‹ã‹ã‚‚åˆ†ã‹ã‚‰ãªã„å»ºç‰©,may,unknown,frowning
togetherness,can,positive,relieved
Sho-wa,cant,both,neutral
ğŸ’­,cant,unknown,thinking
Ã¦,cant,neither,frowning
æ³£ã„ã¦ã°ã£ã‹ã„ãªã„ã§ã•,may,positive,happy
satisfaction,must,positive,thinking
è¦‹çµ‚ãˆï½Šã«ã‚ï½‹ï½ï½Œï¼›,could,unknown,tongue
lll,should,neither,thinking
lll,should,neither,thinking
koko,could,both,tongue
koko,could,both,tongue
koko,could,both,tongue
koko,could,both,tongue
koko,could,both,tongue
vhvbinjmol,may,negative,hearts
vhvbinjmol,can,neither,thinking
vhvbinjmol,could,both,frowning
vhvbinjmol,could,both,frowning
vhvbinjmol,could,neither,thinking
vhvbinjmol,could,neither,thinking
ã‚µãƒƒãƒ—,may,positive,happy
